{
  "left_side": [
    [
      1926.9850000000001,
      978.1
    ],
    [
      1850.245,
      999.745
    ],
    [
      2037.585,
      1032.37
    ],
    [
      2010.495,
      1034.335
    ],
    [
      1938.0,
      1051.645
    ],
    [
      1824.955,
      1056.94
    ],
    [
      1924.915,
      1073.47
    ],
    [
      1802.47,
      1082.3600000000001
    ],
    [
      1913.325,
      1098.1950000000002
    ],
    [
      1776.915,
      1108.78
    ],
    [
      1950.8449999999998,
      1137.7350000000001
    ],
    [
      1743.8049999999998,
      1138.3400000000001
    ],
    [
      1699.2350000000001,
      1180.355
    ],
    [
      1886.555,
      1182.31
    ],
    [
      1859.94,
      1237.9650000000001
    ],
    [
      1622.0300000000002,
      1239.9
    ],
    [
      1816.475,
      1328.63
    ],
    [
      1545.2350000000001,
      1333.86
    ],
    [
      1755.06,
      1498.7
    ],
    [
      1377.6,
      1512.04
    ],
    [
      1103.795,
      2050.1549999999997
    ],
    [
      1626.01,
      2063.89
    ]
  ],
  "right_side": [
    [
      2163.0950000000003,
      982.425
    ],
    [
      2240.395,
      983.4300000000001
    ],
    [
      2258.75,
      1025.08
    ],
    [
      2160.12,
      1027.105
    ],
    [
      2082.96,
      1032.89
    ],
    [
      2177.285,
      1046.2350000000001
    ],
    [
      2322.6400000000003,
      1062.4850000000001
    ],
    [
      2194.735,
      1068.595
    ],
    [
      2355.065,
      1085.365
    ],
    [
      2214.6400000000003,
      1091.915
    ],
    [
      2398.005,
      1112.435
    ],
    [
      2241.8599999999997,
      1123.58
    ],
    [
      2460.385,
      1156.13
    ],
    [
      2274.575,
      1164.065
    ],
    [
      2552.2200000000003,
      1212.8400000000001
    ],
    [
      2327.65,
      1215.72
    ],
    [
      2675.775,
      1294.485
    ],
    [
      2398.59,
      1302.2649999999999
    ],
    [
      2882.535,
      1450.045
    ],
    [
      2518.4,
      1457.5349999999999
    ],
    [
      2752.2650000000003,
      2022.775
    ],
    [
      3288.865,
      2024.7350000000001
    ]
  ],
  "aisle_position": 2042.6064824120604,
  "total_seats": 44,
  "left_count": 22,
  "right_count": 22,
  "left_row_1": [
    [
      1850.245,
      999.745
    ],
    [
      1926.9850000000001,
      978.1
    ],
    [
      2010.495,
      1034.335
    ],
    [
      2037.585,
      1032.37
    ]
  ],
  "left_row_2": [
    [
      1776.915,
      1108.78
    ],
    [
      1802.47,
      1082.3600000000001
    ],
    [
      1824.955,
      1056.94
    ],
    [
      1913.325,
      1098.1950000000002
    ],
    [
      1924.915,
      1073.47
    ],
    [
      1938.0,
      1051.645
    ]
  ],
  "left_row_3": [
    [
      1699.2350000000001,
      1180.355
    ],
    [
      1743.8049999999998,
      1138.3400000000001
    ],
    [
      1886.555,
      1182.31
    ],
    [
      1950.8449999999998,
      1137.7350000000001
    ]
  ],
  "left_row_4": [
    [
      1622.0300000000002,
      1239.9
    ],
    [
      1859.94,
      1237.9650000000001
    ]
  ],
  "left_row_5": [
    [
      1545.2350000000001,
      1333.86
    ],
    [
      1816.475,
      1328.63
    ]
  ],
  "left_row_6": [
    [
      1377.6,
      1512.04
    ],
    [
      1755.06,
      1498.7
    ]
  ],
  "left_row_7": [
    [
      1103.795,
      2050.1549999999997
    ],
    [
      1626.01,
      2063.89
    ]
  ],
  "right_row_1": [
    [
      2082.96,
      1032.89
    ],
    [
      2160.12,
      1027.105
    ],
    [
      2163.0950000000003,
      982.425
    ],
    [
      2240.395,
      983.4300000000001
    ],
    [
      2258.75,
      1025.08
    ]
  ],
  "right_row_2": [
    [
      2177.285,
      1046.2350000000001
    ],
    [
      2194.735,
      1068.595
    ],
    [
      2214.6400000000003,
      1091.915
    ],
    [
      2322.6400000000003,
      1062.4850000000001
    ],
    [
      2355.065,
      1085.365
    ]
  ],
  "right_row_3": [
    [
      2241.8599999999997,
      1123.58
    ],
    [
      2274.575,
      1164.065
    ],
    [
      2398.005,
      1112.435
    ],
    [
      2460.385,
      1156.13
    ]
  ],
  "right_row_4": [
    [
      2327.65,
      1215.72
    ],
    [
      2552.2200000000003,
      1212.8400000000001
    ]
  ],
  "right_row_5": [
    [
      2398.59,
      1302.2649999999999
    ],
    [
      2675.775,
      1294.485
    ]
  ],
  "right_row_6": [
    [
      2518.4,
      1457.5349999999999
    ],
    [
      2882.535,
      1450.045
    ]
  ],
  "right_row_7": [
    [
      2752.2650000000003,
      2022.775
    ],
    [
      3288.865,
      2024.7350000000001
    ]
  ]
}