{
  "left_side": [
    [
      1875.915,
      950.28
    ],
    [
      1797.8200000000002,
      950.7650000000001
    ],
    [
      1958.12,
      998.635
    ],
    [
      1741.155,
      1015.52
    ],
    [
      1861.2150000000001,
      1016.295
    ],
    [
      1843.75,
      1036.11
    ],
    [
      1710.705,
      1038.755
    ],
    [
      1676.295,
      1056.135
    ],
    [
      1826.615,
      1060.115
    ],
    [
      1643.3249999999998,
      1079.545
    ],
    [
      1579.575,
      1122.905
    ],
    [
      1767.0149999999999,
      1131.365
    ],
    [
      1490.8200000000002,
      1182.0149999999999
    ],
    [
      1715.57,
      1184.38
    ],
    [
      1369.825,
      1266.59
    ],
    [
      1643.805,
      1273.725
    ],
    [
      1152.55,
      1422.145
    ],
    [
      1524.0900000000001,
      1427.87
    ],
    [
      752.895,
      1994.34
    ],
    [
      1309.0300000000002,
      1995.4650000000001
    ]
  ],
  "right_side": [
    [
      2115.1499999999996,
      957.98
    ],
    [
      2191.725,
      964.65
    ],
    [
      2027.58,
      998.365
    ],
    [
      2201.935,
      1016.735
    ],
    [
      2107.58,
      1019.0350000000001
    ],
    [
      2122.89,
      1041.94
    ],
    [
      2246.105,
      1049.5700000000002
    ],
    [
      2134.5649999999996,
      1067.6
    ],
    [
      2266.375,
      1074.07
    ],
    [
      2301.395,
      1106.275
    ],
    [
      2160.74,
      1143.945
    ],
    [
      2339.645,
      1145.54
    ],
    [
      2408.73,
      1206.77
    ],
    [
      2413.39,
      1206.905
    ],
    [
      2141.505,
      1206.915
    ],
    [
      2219.8599999999997,
      1299.93
    ],
    [
      2494.605,
      1301.6950000000002
    ],
    [
      2286.51,
      1468.6100000000001
    ],
    [
      2664.495,
      1477.835
    ],
    [
      2423.525,
      2011.0349999999999
    ],
    [
      2947.77,
      2014.835
    ]
  ],
  "aisle_position": 1960.6277261306532,
  "total_seats": 41,
  "left_count": 20,
  "right_count": 21,
  "left_row_1": [
    [
      1797.8200000000002,
      950.7650000000001
    ],
    [
      1875.915,
      950.28
    ],
    [
      1958.12,
      998.635
    ]
  ],
  "left_row_2": [
    [
      1676.295,
      1056.135
    ],
    [
      1710.705,
      1038.755
    ],
    [
      1741.155,
      1015.52
    ],
    [
      1826.615,
      1060.115
    ],
    [
      1843.75,
      1036.11
    ],
    [
      1861.2150000000001,
      1016.295
    ]
  ],
  "left_row_3": [
    [
      1579.575,
      1122.905
    ],
    [
      1643.3249999999998,
      1079.545
    ],
    [
      1767.0149999999999,
      1131.365
    ]
  ],
  "left_row_4": [
    [
      1490.8200000000002,
      1182.0149999999999
    ],
    [
      1715.57,
      1184.38
    ]
  ],
  "left_row_5": [
    [
      1369.825,
      1266.59
    ],
    [
      1643.805,
      1273.725
    ]
  ],
  "left_row_6": [
    [
      1152.55,
      1422.145
    ],
    [
      1524.0900000000001,
      1427.87
    ]
  ],
  "left_row_7": [
    [
      752.895,
      1994.34
    ],
    [
      1309.0300000000002,
      1995.4650000000001
    ]
  ],
  "right_row_1": [
    [
      2027.58,
      998.365
    ],
    [
      2115.1499999999996,
      957.98
    ],
    [
      2191.725,
      964.65
    ],
    [
      2201.935,
      1016.735
    ]
  ],
  "right_row_2": [
    [
      2107.58,
      1019.0350000000001
    ],
    [
      2122.89,
      1041.94
    ],
    [
      2134.5649999999996,
      1067.6
    ],
    [
      2246.105,
      1049.5700000000002
    ],
    [
      2266.375,
      1074.07
    ]
  ],
  "right_row_3": [
    [
      2160.74,
      1143.945
    ],
    [
      2301.395,
      1106.275
    ],
    [
      2339.645,
      1145.54
    ]
  ],
  "right_row_4": [
    [
      2141.505,
      1206.915
    ],
    [
      2408.73,
      1206.77
    ],
    [
      2413.39,
      1206.905
    ]
  ],
  "right_row_5": [
    [
      2219.8599999999997,
      1299.93
    ],
    [
      2494.605,
      1301.6950000000002
    ]
  ],
  "right_row_6": [
    [
      2286.51,
      1468.6100000000001
    ],
    [
      2664.495,
      1477.835
    ]
  ],
  "right_row_7": [
    [
      2423.525,
      2011.0349999999999
    ],
    [
      2947.77,
      2014.835
    ]
  ]
}